03633b91-d8cc-4e8c-bdd1-052ff57947b1,Customer 31,7156170105,customer31@example.com,Address 31
0553e11b-1b6c-4944-8f9b-7146f805f872,Customer 46,2259662271,customer46@example.com,Address 46
05806235-a229-45ed-aa90-f6530d5e6073,Customer 2,1375888604,customer2@example.com,Address 2
05c9483e-bff7-4890-bf50-1c4e8aff3475,Customer 64,2091099055,customer64@example.com,Address 64
083fdeec-d1cc-4968-a53f-5f9edfdf594a,Customer 71,7536039604,customer71@example.com,Address 71
08493622-ac98-4eaf-a2a5-fc0bc84ea555,Customer 12,6583477313,customer12@example.com,Address 12
087a6c4a-bf49-4586-a57c-3d587a101927,Customer 59,8025067337,customer59@example.com,Address 59
0b26d3bc-2c1e-46ca-81a0-5596ca12cced,Customer 49,3391786193,customer49@example.com,Address 49
0c286914-25ef-4c88-beb6-dd42ebaefbbe,Customer 57,6598402456,customer57@example.com,Address 57
0db4c5e5-145e-406d-8626-b24b75779315,Customer 63,7999329561,customer63@example.com,Address 63
0ec6452a-54e0-4706-842f-c0f2ce7c8605,Customer 53,1272038228,customer53@example.com,Address 53
0fd474c3-dece-4745-9b86-c5128ccd29ca,Customer 24,3556626121,customer24@example.com,Address 24
100ca413-865b-4909-8977-fd1f76248684,Customer 26,9783401132,customer26@example.com,Address 26
1122d8ea-8266-4a98-bb4d-8578bc44e892,Customer 35,2974510880,customer35@example.com,Address 35
12413605-3e95-4fd6-8a41-29e3aad67eaf,Customer 76,2323230326,customer76@example.com,Address 76
12413c7f-480c-4994-98ff-bd9f0a5f1dca,Customer 33,1089476239,customer33@example.com,Address 33
1381d818-a5de-4166-afe6-a9d35e215fe7,Customer 18,7893214862,customer18@example.com,Address 18
1495b94d-76c4-4d8c-9d44-408a75bf466f,Customer 11,9637708580,customer11@example.com,Address 11
14fa2477-0f6c-4d4d-ae92-1096e4360bba,Customer 84,7433588806,customer84@example.com,Address 84
1e3eff18-c0d9-4e81-a729-f4c1b7367fc3,Customer 71,9358019741,customer71@example.com,Address 71
201ae92a-2f13-4b83-b19e-7b78118b091f,Customer 19,9591322346,customer19@example.com,Address 19
208920ae-8854-4e19-b4d8-0ef821dcaa43,Customer 8,5634054200,customer8@example.com,Address 8
2178a48e-8c55-4eb2-8cd7-203df394515b,Customer 52,8004426284,customer52@example.com,Address 52
22284227-9a32-4ef5-9a79-c7b1f03ec27f,Customer 21,3485053010,customer21@example.com,Address 21
222adc35-04f0-4379-9db8-a49843060345,Customer 58,6158383524,customer58@example.com,Address 58
22af6f98-30f1-49ae-9e3a-f5abe0f4ce2d,Customer 13,9716976561,customer13@example.com,Address 13
2769ce1c-dd7b-4301-8bc1-01f786e2bc2b,Customer 27,2416514966,customer27@example.com,Address 27
28f91108-8367-4d16-a038-577e53a98704,Customer 0,5097840788,customer0@example.com,Address 0
2962231a-c914-4fcc-a205-4ef6a7662326,Customer 79,4265327935,customer79@example.com,Address 79
2a5cb979-3d01-453b-98e8-5acb328abe69,Customer 0,8245564628,customer0@example.com,Address 0
2c0f11d9-c9d4-497f-b209-a8352a551886,Customer 17,9227652669,customer17@example.com,Address 17
2c531988-36e2-4a1e-85f2-206d3ebd6ea0,Customer 37,5387275872,customer37@example.com,Address 37
2d2cb2d9-fd75-44e2-9aad-3a75f7163b33,Customer 52,8347519930,customer52@example.com,Address 52
2ea5aab3-fe9d-47eb-b2a8-df082a7577ff,Customer 1,3405787377,customer1@example.com,Address 1
2fa2ef32-2af4-4a0e-a5f0-1a8a2076505e,Customer 69,5980487529,customer69@example.com,Address 69
2fad79e7-d830-40af-9434-42f29567120d,Customer 23,3904142207,customer23@example.com,Address 23
30958ef0-0108-465b-9b80-a994cfeab280,Customer 82,4977699179,customer82@example.com,Address 82
314be44c-d0f3-4c75-aaad-71d30d827423,Customer 42,4626626243,customer42@example.com,Address 42
3261e18e-55c3-40b8-ac57-2b08adc63db6,Customer 40,7968537567,customer40@example.com,Address 40
3344dfef-d35a-46d6-9a69-6be34a352327,Customer 22,6245415523,customer22@example.com,Address 22
337fff73-36b9-4ca8-992a-71a0264ad972,Customer 61,6158224631,customer61@example.com,Address 61
37525d5c-cc43-4fd8-8cde-497c8329defd,Customer 66,2427966528,customer66@example.com,Address 66
3771bf5a-0934-4343-b931-90c4bb635dd8,Customer 39,7281216967,customer39@example.com,Address 39
379cf275-f852-4d6a-8be9-6ad5fb137695,Customer 57,2920604134,customer57@example.com,Address 57
389bf2da-093e-4a2e-b714-16a94b1edd69,Customer 69,8132947011,customer69@example.com,Address 69
39555716-71f4-40eb-a894-9cbf7c617495,Customer 7,7919715014,customer7@example.com,Address 7
3b5e6d89-5108-4884-9dc6-19efb76a602f,Customer 73,6557337633,customer73@example.com,Address 73
3cccdb44-93f4-465f-93aa-eb530ef5cc0c,Customer 84,6421591317,customer84@example.com,Address 84
40fdc760-6c7d-40ef-b4f4-3e29f4845e9a,Customer 47,9624137598,customer47@example.com,Address 47
42497ce5-34a5-4c2a-a9a1-188d7283eadc,Customer 19,1127317593,customer19@example.com,Address 19
426f1cb2-6e0d-4651-baac-7ebf45b1bb70,Customer 87,5315789771,customer87@example.com,Address 87
43182f64-542f-4508-9ecc-b595a9f7255c,Customer 43,2670404815,customer43@example.com,Address 43
448b2f09-e610-40e3-b063-06f72db8cd88,Customer 77,4031079555,customer77@example.com,Address 77
45552dc4-1ce5-4cd4-bab7-b0c3a0422c65,Customer 89,8697561240,customer89@example.com,Address 89
45a49deb-6c9f-4492-a3fd-e2c9ca59fabd,Customer 39,8733269366,customer39@example.com,Address 39
476edc53-f063-4788-86fa-cb6e7a14f4f8,Customer 60,5546750540,customer60@example.com,Address 60
48f78d6d-a1b3-4020-9402-0eb9ae40ad9b,Customer 15,6207974938,customer15@example.com,Address 15
490534bd-21c5-44a4-a55b-52e0bb96c26c,Customer 17,4614429003,customer17@example.com,Address 17
4919e175-d347-42ae-a9fd-b3f46223edea,Customer 87,7232306527,customer87@example.com,Address 87
499b0009-8cf0-4b5f-ad8c-ea2e4cc3a757,Customer 62,8262136714,customer62@example.com,Address 62
4fd34e61-6cd4-4588-ad58-e79504afba86,Customer 80,2096384528,customer80@example.com,Address 80
50363cb6-a084-4e66-934e-030ca3e19af6,Customer 45,2269680053,customer45@example.com,Address 45
50bea97b-aa82-41ac-8b5d-d39257d755f7,Customer 94,4954879083,customer94@example.com,Address 94
51211a0d-0a62-478a-828a-7758db920031,Customer 4,9766996973,customer4@example.com,Address 4
519b235e-913b-414c-b5ed-5bd5efd3e19b,Customer 94,5789648725,customer94@example.com,Address 94
52b72cb8-e339-40f0-8624-dcd0872bf286,Customer 33,1458139164,customer33@example.com,Address 33
53f1ee19-d198-4cdd-9fce-f99fab0cf404,Customer 9,4950047217,customer9@example.com,Address 9
571b1635-9924-47aa-b87b-4e73bcb42371,Customer 90,5018660323,customer90@example.com,Address 90
5838635a-3644-4f42-ad23-07fdad96519f,Customer 77,5069336978,customer77@example.com,Address 77
59ac5443-05c0-44a4-9c29-a25749748e5d,Customer 36,2543092063,customer36@example.com,Address 36
5bc2632a-55fd-4071-aabb-38e58e235cbf,Customer 18,6179445213,customer18@example.com,Address 18
5c6bc657-83c0-4060-a649-4234c8a2f02e,Customer 25,5349800446,customer25@example.com,Address 25
5cabc0fa-13ff-4d1c-b02b-58e8b52449d1,Customer 40,4367106375,customer40@example.com,Address 40
5e34337e-df96-4859-a14e-8027e0f3633d,Customer 37,7478571823,customer37@example.com,Address 37
5f96059f-694b-4372-8f44-9277d2987cfa,Customer 16,8483373635,customer16@example.com,Address 16
5fdbe051-ed0e-4159-ac88-d39101a551dc,Customer 14,1456663650,customer14@example.com,Address 14
60c5aa48-e15c-42c9-8253-90a40f0449a8,Customer 59,6064259237,customer59@example.com,Address 59
638d17e7-05eb-4253-8fe7-2af6f7f09a95,Customer 70,1842252853,customer70@example.com,Address 70
651e9aa8-3b56-4fdc-a072-d50e60c93471,Customer 80,9552925230,customer80@example.com,Address 80
65e517b2-c846-4014-817e-7d01a1e57a9c,Customer 45,6586800925,customer45@example.com,Address 45
6756458e-ea9d-433b-8529-5309ccd248d0,Customer 34,8142329241,customer34@example.com,Address 34
69b904d5-536c-44aa-980f-cbf1f5b57737,Customer 41,8619401670,customer41@example.com,Address 41
6ae8ed7e-4a21-48c6-b832-128caf03bf31,Customer 60,8345708036,customer60@example.com,Address 60
6b62850a-d846-42ca-a29c-bbced6c8c576,Customer 99,7504222973,customer99@example.com,Address 99
6bfdda06-ec70-4147-a0b7-7e87bf2ab6bb,Customer 75,2950277747,customer75@example.com,Address 75
6c1d5ef3-5e7d-43f3-a559-540846ae021f,Customer 29,5301475246,customer29@example.com,Address 29
6c853628-d08d-420e-9dd7-8a9dc200821e,Customer 4,3416430673,customer4@example.com,Address 4
6c87237b-b816-4362-93db-e123979b4b52,Customer 56,7502926210,customer56@example.com,Address 56
6e493158-e526-4aec-970a-e8cd910fc1d1,Customer 5,4029643287,customer5@example.com,Address 5
6f0b0a0f-04d7-4a30-982a-c7503f4c180a,Customer 49,6452438880,customer49@example.com,Address 49
6f708dfd-0d83-4676-a63d-9d3e7680ec1f,Customer 6,8919695923,customer6@example.com,Address 6
6f78df45-13a1-4a4e-917f-10ac7273c48a,Customer 88,2506601662,customer88@example.com,Address 88
7096c9d7-697d-4242-a004-1ffa3fe452ce,Customer 88,7203957856,customer88@example.com,Address 88
70f31005-1147-450c-9207-7701764aabdb,Customer 23,8050613856,customer23@example.com,Address 23
71ac4707-9400-4ed6-a397-fe3f52fbdc36,Customer 72,3663558629,customer72@example.com,Address 72
71b308e2-6260-40ab-aa95-bde06a8a5643,Customer 35,6011052695,customer35@example.com,Address 35
72b23ba7-71c5-4013-be72-3373115416a2,Customer 91,9201487426,customer91@example.com,Address 91
75692532-d608-4bb0-a486-e98deaa57fdf,Customer 86,5582461071,customer86@example.com,Address 86
79223180-d21a-42f2-91d0-4e7460e7e8da,Customer 55,1094531859,customer55@example.com,Address 55
7a5ff0de-c244-4244-a6eb-a421c54cf1e2,Customer 93,7087029393,customer93@example.com,Address 93
7a774215-b3b2-4a6a-9e5f-003065156d41,Customer 34,5409054769,customer34@example.com,Address 34
7b431cd7-6782-4384-9b23-abb68badacf4,Customer 54,8294275404,customer54@example.com,Address 54
7b6a386d-87f3-4359-8c17-3b36a98525a1,Customer 76,6412345262,customer76@example.com,Address 76
83177d92-c5a7-49a8-bdf7-a7bfef1ee51e,Customer 61,2470162699,customer61@example.com,Address 61
838a1023-9089-4ad6-b321-b87bb14c0ca8,Customer 98,5795775967,customer98@example.com,Address 98
86996c0f-a3c2-4a93-a7a3-82b1281e1e8e,Customer 56,4828005628,customer56@example.com,Address 56
87b9deea-bb80-48f8-921c-2c0cdafbbda0,Customer 78,7201215413,customer78@example.com,Address 78
896f1984-064a-4664-8b69-07c016e2324c,Customer 96,5512832653,customer96@example.com,Address 96
8b725fb5-e1bc-47cc-af77-a7758659f149,Customer 44,5615488890,customer44@example.com,Address 44
8bd5fe4a-4888-4504-8ad7-fdb1a511d8db,Customer 92,3883565992,customer92@example.com,Address 92
8c2fd289-3c30-41eb-bf47-ee93990394bb,Customer 43,2034431386,customer43@example.com,Address 43
8cc00360-0331-4ea6-86f3-d3b75332f24d,Customer 28,4422388496,customer28@example.com,Address 28
8d6d1b90-e93c-489b-9b8b-af410ba069ab,Customer 2,2428164199,customer2@example.com,Address 2
8edc10f3-dcd9-4c97-84ec-5974fbe90e5e,Customer 1,5791476312,customer1@example.com,Address 1
8f2396ce-b56f-4a8e-a7de-e8812620fecb,Customer 51,7610299763,customer51@example.com,Address 51
91d8dd24-004f-447e-a719-3e116afd5ae0,Customer 32,2664938012,customer32@example.com,Address 32
931ba76c-ea55-4c37-919e-b27bc4422cba,Customer 50,6013580008,customer50@example.com,Address 50
938efe9f-75a3-4dcb-8f74-927367d29906,Customer 46,5484578754,customer46@example.com,Address 46
9390f970-92c6-4a02-bb83-7582a6b005fb,Customer 58,8159095677,customer58@example.com,Address 58
9539e638-689e-42e0-aac1-adc42ebeb801,Customer 3,5010332128,customer3@example.com,Address 3
956bc8de-a17a-4bb7-b072-7478ab6e64af,Customer 20,2219652805,customer20@example.com,Address 20
964c33fb-e6a3-4613-8a54-f64af60fa93e,Customer 66,2637495386,customer66@example.com,Address 66
97549a6c-089e-4c41-b746-b2042623e416,Customer 64,1738651565,customer64@example.com,Address 64
9905d465-a7cd-404f-8497-6244882dff98,Customer 48,5520625842,customer48@example.com,Address 48
9aa59088-43e0-4219-bf5f-90635c3593b3,Customer 9,7078072956,customer9@example.com,Address 9
9b5550ba-339c-4b24-a98f-231129742edb,Customer 54,4604655807,customer54@example.com,Address 54
9ccc9aee-c43a-47d9-90d2-247555f0321c,Customer 91,4845927416,customer91@example.com,Address 91
9e12079a-beea-42d9-a9b3-f4797178404e,Customer 67,8743703547,customer67@example.com,Address 67
9e95492d-ac7e-4d0a-982f-f790820bbe34,Customer 86,8334254262,customer86@example.com,Address 86
9f6c29d0-b33d-471b-a91d-0447f7e85702,Customer 3,3165248365,customer3@example.com,Address 3
a0a3c951-aaee-45fb-8951-8db9f5f9e60b,Customer 8,1917023408,customer8@example.com,Address 8
a3825356-d9a9-4ef9-828e-633a21442799,Customer 21,4062003876,customer21@example.com,Address 21
a59c7771-8ab9-44dc-8892-6fe24b17f12b,Customer 81,5166037879,customer81@example.com,Address 81
a68d7304-dd08-4960-aaff-111f166a77d6,Customer 32,8954443890,customer32@example.com,Address 32
a7cda8fb-56e2-4942-ac56-ed9d274ce8e4,Customer 62,1572461901,customer62@example.com,Address 62
a7d93ce8-f613-4092-b608-ef1dc4e126d9,Customer 24,4921805884,customer24@example.com,Address 24
ab15d9ad-dfed-4dc4-9730-763cfe7b47ad,Customer 78,6300132147,customer78@example.com,Address 78
ab622c28-5b15-45cf-afe0-a12854856d2f,Customer 30,6620885355,customer30@example.com,Address 30
ac48c1df-3df1-438c-9515-b598c28596dc,Customer 72,6493011478,customer72@example.com,Address 72
ad55c45c-6b79-4ba3-93d2-07dafb22c2f4,Customer 89,1242349491,customer89@example.com,Address 89
ad9dbf71-5039-4d0d-8493-f046a4cf255d,Customer 85,4941996767,customer85@example.com,Address 85
ae7ef51e-d5c0-47e2-923f-228e558f7e26,Customer 95,2281856809,customer95@example.com,Address 95
aea864bd-dfcd-4dc9-b216-c166400ef480,Customer 15,1460537354,customer15@example.com,Address 15
b23caf2f-2968-435f-9ed9-7dd406571057,Customer 22,2993999774,customer22@example.com,Address 22
b50e9b6e-e0e9-41ac-b844-94b7b09abc7a,Customer 27,4989865210,customer27@example.com,Address 27
b6babc6c-c4f8-4d7a-aa5a-b9cfcc929640,Customer 90,3901882642,customer90@example.com,Address 90
b9036249-b420-46f0-afa4-240ba7eeb67a,Customer 26,9643666348,customer26@example.com,Address 26
b99ab580-499e-41b7-9fdc-a97463c1844a,Customer 7,8588202220,customer7@example.com,Address 7
bc5abc43-88c8-4402-a29f-4b7848fe7e66,Customer 83,2040152476,customer83@example.com,Address 83
bdab6b37-b4e8-4628-82f2-36fa389ee800,Customer 10,8753501820,customer10@example.com,Address 10
bee1fa2e-9ace-4791-933f-608cba914e68,Customer 47,8919655051,customer47@example.com,Address 47
bfc38693-a95b-4a98-bf37-8bade0b89134,Customer 25,1306279888,customer25@example.com,Address 25
c004ecf2-f289-4a58-91e6-d3e686c4756e,Customer 50,4839817439,customer50@example.com,Address 50
c03ed731-b0a6-40d8-8f15-b80a16c8597f,Customer 6,2351881369,customer6@example.com,Address 6
c23ae48f-7527-4c07-a092-c570b957735c,Customer 30,3403651318,customer30@example.com,Address 30
c3d03bbe-21bb-4713-bdd3-558b2b8fafa9,Customer 10,2011681890,customer10@example.com,Address 10
c51f0e04-9787-4752-9381-61f6b3606ee6,Customer 75,1086448662,customer75@example.com,Address 75
c797c825-f5c8-4e35-9721-311632efae67,Customer 68,3792067337,customer68@example.com,Address 68
c980da33-55a6-493b-9496-a5a748677fb3,Customer 53,7821264121,customer53@example.com,Address 53
ca36a2df-5a04-4436-a0ae-97c2805f30f5,Customer 55,2415677475,customer55@example.com,Address 55
cd0ddcb1-b964-4035-a4f2-94e00b61206b,Customer 31,6848612927,customer31@example.com,Address 31
cd804468-dead-4a94-add8-368f6d1ce8ac,Customer 11,8147358666,customer11@example.com,Address 11
cda022b5-bc4a-4fee-9784-a181d0fe47c6,Customer 13,3025067575,customer13@example.com,Address 13
d25800e8-574f-44c6-b34b-8ce4fa7ee33f,Customer 41,8654904149,customer41@example.com,Address 41
d31f2a3e-47bd-425f-b400-b5812860fa1e,Customer 12,7643874792,customer12@example.com,Address 12
d322dbe9-b26d-4361-add6-511834c2f5e4,Customer 14,6300509100,customer14@example.com,Address 14
d3a29708-33d9-4c78-a28e-165e2f660834,Customer 98,4428708121,customer98@example.com,Address 98
d6eb5bdb-998c-4b93-9f49-01b4a5efe438,Customer 81,1030822227,customer81@example.com,Address 81
da65dd55-6cc2-451d-9ac3-bdf747d7b298,Customer 63,9295890026,customer63@example.com,Address 63
dad9daf1-11d5-4a48-a68a-6b2903334aaa,Customer 68,9922101673,customer68@example.com,Address 68
dc71f0ee-0add-4001-a8aa-f2d374f85fd5,Customer 99,6455426880,customer99@example.com,Address 99
de74117d-407d-4666-912f-c0b7c9666f06,Customer 70,8366582094,customer70@example.com,Address 70
decf4919-4fd9-43aa-a990-0a63a944780e,Customer 20,1966833546,customer20@example.com,Address 20
e09200da-e50e-4e26-8f8b-49f4f0b7e360,Customer 67,2511853808,customer67@example.com,Address 67
e0a565db-b262-43bf-8542-26050969bcc5,Customer 82,3597237435,customer82@example.com,Address 82
e3fbba14-7b3b-4f56-ad78-04393a0ff6f5,Customer 74,8940285059,customer74@example.com,Address 74
e4f93353-1cfb-4c32-b5dc-801f77c4c8d4,Customer 65,6791994218,customer65@example.com,Address 65
e9674975-a9b0-4c89-be16-b3e96f518f69,Customer 97,5107748637,customer97@example.com,Address 97
ead34053-865e-46a6-89de-672a2df6929d,Customer 85,1106803202,customer85@example.com,Address 85
eb621f57-3718-4986-8b22-376034733dc9,Customer 38,7015039798,customer38@example.com,Address 38
ecf829a9-de86-490f-80cf-c821008bee90,Customer 74,2281234313,customer74@example.com,Address 74
ed2ee6b7-2e2b-48c4-8bf2-889115039c3c,Customer 83,2829470245,customer83@example.com,Address 83
ed4e487d-63c5-4b05-8c8c-5269512d7b0e,Customer 48,3595625539,customer48@example.com,Address 48
ee404662-3cc5-43f7-84ea-0db102bfcf84,Customer 92,9542698930,customer92@example.com,Address 92
eecc7b32-cdc3-47b2-92b4-74d875ed0bdd,Customer 97,7386317656,customer97@example.com,Address 97
eedbbf95-cb8e-4768-8bb0-7599f30242e0,Customer 79,2860285960,customer79@example.com,Address 79
ef30c597-2231-4037-8282-88ea60130a8a,Customer 5,1143276864,customer5@example.com,Address 5
f031e029-091c-47e7-831b-17488c4c0f67,Customer 36,8290445211,customer36@example.com,Address 36
f124dbf1-c626-4e6b-ac5f-bbca6f36476d,Customer 95,5757311420,customer95@example.com,Address 95
f133ede1-9650-4889-8e34-30b160eb2430,Customer 38,4674213913,customer38@example.com,Address 38
f25108fc-0f43-4394-bed4-679676e97b05,Customer 29,2882870650,customer29@example.com,Address 29
f347a574-e545-4afa-a228-308dbb798910,Customer 65,1651873958,customer65@example.com,Address 65
f50df30b-fd25-482e-9f0d-a07a70c49344,Customer 16,9780400043,customer16@example.com,Address 16
f60b9fa3-bd89-4fe5-b4e4-568203dee43d,Customer 93,8775514252,customer93@example.com,Address 93
f64fdf6d-96ef-4e66-8685-623d8cd8c551,Customer 51,7903656474,customer51@example.com,Address 51
f7c50a92-83f9-4e2e-b482-ceb58090a7c2,Customer 42,1484833390,customer42@example.com,Address 42
f928df56-3f98-40e2-8978-12eddfdd1cc9,Customer 96,6046301014,customer96@example.com,Address 96
fd0242c3-fa42-4e94-8e42-9b5690c0d117,Customer 73,3740866256,customer73@example.com,Address 73
fe783610-bbdd-486f-a555-7c6f06a716c2,Customer 28,1826156742,customer28@example.com,Address 28
ff37e0b7-e524-482a-a4e8-b334f36ec70e,Customer 44,3196780684,customer44@example.com,Address 44
